Rk,BA,Name,AB,HR,H,1B,2B,3B,,,,,,,,,,,,,
1,0.246,CJ Abrams*,284,2,70,54,12,2,,,,,,,Name,AB,HR,H,1B,2B,3B
2,0.232,CJ Abrams*,125,2,29,22,5,0,,Count,987 players,,,,Albert Almora,215,5,48,32,10,1
3,0.258,CJ Abrams*,159,0,41,32,7,2,,Average,0.197,,,,Pete Alonso,597,40,162,95,27,0
4,0,Albert Abreu,0,0,0,0,0,0,,Standard Deviation,0.100569204,,,,Jose Altuve,527,28,158,91,39,0
5,0,Albert Abreu,0,0,0,0,0,0,,Variance,0.010114165,,,,,,,,,,
6,0.304,José Abreu,601,15,183,128,40,0,,,,,,,,,,,,,
7,0.266,Ronald Acuna Jr.,467,15,124,85,24,0,,,,,,,Name,AB,HR,H,1B,2B,3B
8,0.238,Willy Adames,563,31,134,72,31,0,,,,,,,Mike Trout,438,40,124,54,28,2
9,0.176,Riley Adams,142,5,25,16,4,0,,,,,,,Yoshi Tsutsugo*,170,2,29,23,4,0
10,0.224,Jo Adell,268,8,60,38,12,2,,,,,,,Total,608,42,153,77,32,2
11,0.175,Ehire Adrianza#,97,0,17,14,3,0,,,,,,,,,,,,,
12,0.179,Ehire Adrianza#,84,0,15,13,2,0,,,,,,,,,,,,,
13,0.154,Ehire Adrianza#,13,0,2,1,1,0,,181214,,,,,,,,,,,
14,0.235,Jesús Aguilar,464,16,109,74,19,0,,183.6008105,,,,,,,,,,,
15,0.236,Jesús Aguilar,415,15,98,65,18,0,,,,,,,,,,,,,
16,0.224,Jesús Aguilar,49,1,11,9,1,0,,,,,,,,,,,,,
17,0.136,Ryan Aguilar*,22,0,3,2,1,0,,5714,2.351440329,,,,,,,,,,
18,0.231,Nick Ahmed,52,3,12,7,2,0,,5.789260385,8.083290216,,,,,,,,,,
19,0.244,Hanser Alberto,156,2,38,25,9,2,,,,,,,,,,,,,
20,0.247,Ozzie Albies#,247,8,61,37,16,0,,,,,,,,,,,,,
21,0.22,Sergio Alcántara#,205,6,45,30,8,1,,,,,,,,,,,,,
22,0.241,Sergio Alcántara#,170,6,41,26,8,1,,,,,,,,,,,,,
23,0.114,Sergio Alcántara#,35,0,4,4,0,0,,,,,,,,,,,,,
24,0,Scott Alexander*,0,0,0,0,0,0,,,,,,,,,,,,,
25,0.246,Jorge Alfaro,256,7,63,42,14,0,,,,,,,,,,,,,
26,0.25,Anthony Alford,4,0,1,1,0,0,,,,,,,,,,,,,
27,0.071,Austin Allen*,14,0,1,1,0,0,,,,,,,,,,,,,
28,0.186,Greg Allen#,118,2,22,16,4,0,,,,,,,,,,,,,
29,0.207,Nick Allen,299,4,62,45,13,0,,,,,,,,,,,,,
30,0.257,Abraham Almonte#,35,1,9,6,2,0,,,,,,,,,,,,,
31,0.223,Albert Almora,215,5,48,32,10,1,,,,,,,,,,,,,
32,0.271,Pete Alonso,597,40,162,95,27,0,,,,,,,,,,,,,
33,0.3,Jose Altuve,527,28,158,91,39,0,,,,,,,,,,,,,
34,0,José Alvarado*,1,0,0,0,0,0,,,,,,,,,,,,,
35,0.16,Eddy Alvarez*,25,0,4,4,0,0,,,,,,,,,,,,,
36,0.167,Francisco Álvarez,12,1,2,0,1,0,,,,,,,,,,,,,
37,0.306,Yordan Alvarez*,470,37,144,76,29,2,,,,,,,,,,,,,
38,0.222,Brian Anderson,338,8,75,50,16,1,,,,,,,,,,,,,
39,0.301,Tim Anderson,332,6,100,81,13,0,,,,,,,,,,,,,
40,0,Tyler Anderson*,1,0,0,0,0,0,,,,,,,,,,,,,
41,0.249,Elvis Andrus,535,17,133,84,32,0,,,,,,,,,,,,,
42,0.237,Elvis Andrus,354,8,84,52,24,0,,,,,,,,,,,,,
43,0.271,Elvis Andrus,181,9,49,32,8,0,,,,,,,,,,,,,
44,0.235,Miguel Andújar,132,1,31,24,5,1,,,,,,,,,,,,,
45,0.229,Miguel Andújar,96,1,22,19,2,0,,,,,,,,,,,,,
46,0.25,Miguel Andújar,36,0,9,5,3,1,,,,,,,,,,,,,
47,0,Mark Appel,0,0,0,0,0,0,,,,,,,,,,,,,
48,0.197,Aristides Aquino,259,10,51,28,13,0,,,,,,,,,,,,,
49,0.192,Jonathan Aranda*,78,2,15,9,4,0,,,,,,,,,,,,,
50,0.132,Jonathan Araúz#,38,1,5,4,0,0,,,,,,,,,,,,,
51,0,Jonathan Araúz#,10,0,0,0,0,0,,,,,,,,,,,,,
52,0.179,Jonathan Araúz#,28,1,5,4,0,0,,,,,,,,,,,,,
53,0.244,Orlando Arcia,209,9,51,33,9,0,,,,,,,,,,,,,
54,0.293,Nolan Arenado,557,30,163,90,42,1,,,,,,,,,,,,,
55,0.191,Gabriel Arias,47,1,9,6,1,1,,,,,,,,,,,,,
56,0.263,Randy Arozarena,586,20,154,90,41,3,,,,,,,,,,,,,
57,0.316,Luis Arraez*,547,8,173,133,31,1,,,,,,,,,,,,,
58,0.286,Christian Arroyo,280,6,80,57,16,1,,,,,,,,,,,,,
59,0.241,Willians Astudillo,54,1,13,12,0,0,,,,,,,,,,,,,
60,0.257,José Azocar,202,0,52,40,9,3,,,,,,,,,,,,,
61,0.204,Akil Baddoo*,201,2,41,34,3,2,,,,,,,,,,,,,
62,0.25,Harrison Bader,292,5,73,55,10,3,,,,,,,,,,,,,
63,0.256,Harrison Bader,246,5,63,48,7,3,,,,,,,,,,,,,
64,0.217,Harrison Bader,46,0,10,7,3,0,,,,,,,,,,,,,
65,0.333,Ji Hwan Bae*,33,0,11,8,3,0,,,,,,,,,,,,,
66,0.238,Javier Báez,555,17,132,84,27,4,,,,,,,,,,,,,
67,0.143,Rylan Bannon,14,0,2,2,0,0,,,,,,,,,,,,,
68,0.143,Rylan Bannon,14,0,2,2,0,0,,,,,,,,,,,,,
69,0,Rylan Bannon,0,0,0,0,0,0,,,,,,,,,,,,,
70,0,Daniel Bard,0,0,0,0,0,0,,,,,,,,,,,,,
71,0,Joe Barlow,0,0,0,0,0,0,,,,,,,,,,,,,
72,0,Scott Barlow,0,0,0,0,0,0,,,,,,,,,,,,,
73,0.212,Austin Barnes,179,8,38,24,6,0,,,,,,,,,,,,,
74,0.221,Tucker Barnhart*,281,1,62,51,10,0,,,,,,,,,,,,,
75,0.234,Luis Barrera*,77,1,18,12,5,0,,,,,,,,,,,,,
76,0.18,Tres Barrera,50,0,9,8,1,0,,,,,,,,,,,,,
77,0.152,Jose Barrero,165,2,25,20,3,0,,,,,,,,,,,,,
78,0.215,Joey Bart,261,11,56,39,6,0,,,,,,,,,,,,,
79,0,Anthony Bass,0,0,0,0,0,0,,,,,,,,,,,,,
80,0,Anthony Bass,0,0,0,0,0,0,,,,,,,,,,,,,
81,0.105,Matthew Batten,19,0,2,1,1,0,,,,,,,,,,,,,
82,0.184,Brett Baty*,38,2,7,5,0,0,,,,,,,,,,,,,
83,0,Félix Bautista,0,0,0,0,0,0,,,,,,,,,,,,,
84,0.093,Matt Beaty*,43,0,4,2,1,1,,,,,,,,,,,,,
85,0.08,Tim Beckham,25,0,2,2,0,0,,,,,,,,,,,,,
86,0,David Bednar*,0,0,0,0,0,0,,,,,,,,,,,,,
87,0.189,Seth Beer*,111,1,21,17,3,0,,,,,,,,,,,,,
88,0.266,Josh Bell#,552,17,147,98,29,3,,,,,,,,,,,,,
89,0.301,Josh Bell#,375,14,113,72,24,3,,,,,,,,,,,,,
90,0.192,Josh Bell#,177,3,34,26,5,0,,,,,,,,,,,,,
91,0,Andrew Bellatti,0,0,0,0,0,0,,,,,,,,,,,,,
92,0.21,Cody Bellinger*,504,19,106,57,27,3,,,,,,,,,,,,,
93,0.213,Brandon Belt*,254,8,54,36,9,1,,,,,,,,,,,,,
94,0.115,Anthony Bemboom*,52,1,6,3,2,0,,,,,,,,,,,,,
95,0.304,Andrew Benintendi*,461,5,140,109,23,3,,,,,,,,,,,,,
96,0.32,Andrew Benintendi*,347,3,111,92,14,2,,,,,,,,,,,,,
97,0.254,Andrew Benintendi*,114,2,29,17,9,1,,,,,,,,,,,,,
98,0.182,Will Benson*,55,0,10,9,1,0,,,,,,,,,,,,,
99,0.286,Wynton Bernard,42,0,12,11,1,0,,,,,,,,,,,,,
100,0.24,Jon Berti,358,4,86,62,17,3,,,,,,,,,,,,,
101,0.252,Christian Bethancourt,318,11,80,52,17,0,,,,,,,,,,,,,
102,0.249,Christian Bethancourt,169,4,42,27,11,0,,,,,,,,,,,,,
103,0.255,Christian Bethancourt,149,7,38,25,6,0,,,,,,,,,,,,,
104,0.269,Mookie Betts,572,35,154,76,40,3,,,,,,,,,,,,,
105,0.29,Bo Bichette,652,24,189,121,43,1,,,,,,,,,,,,,
106,0,Phil Bickford,0,0,0,0,0,0,,,,,,,,,,,,,
107,0.202,Cavan Biggio*,257,6,52,27,18,1,,,,,,,,,,,,,
108,0.264,Charlie Blackmon*,530,16,140,96,22,6,,,,,,,,,,,,,
109,0.286,Dairon Blanco,7,0,2,2,0,0,,,,,,,,,,,,,
110,0,Travis Blankenhorn*,3,0,0,0,0,0,,,,,,,,,,,,,
111,0.167,JJ Bleday*,204,5,34,17,10,2,,,,,,,,,,,,,
112,0,Richard Bleier*,0,0,0,0,0,0,,,,,,,,,,,,,
113,0.307,Xander Bogaerts,557,15,171,118,38,0,,,,,,,,,,,,,
114,0.28,Alec Bohm,586,13,164,124,24,3,,,,,,,,,,,,,
115,0,Ronald Bolaños,0,0,0,0,0,0,,,,,,,,,,,,,
116,0.198,Skye Bolt#,106,4,21,15,2,0,,,,,,,,,,,,,
117,0.259,David Bote,116,4,30,18,8,0,,,,,,,,,,,,,
118,0.297,Sean Bouchard,74,3,22,13,6,0,,,,,,,,,,,,,
119,0.118,Bobby Bradley*,17,0,2,2,0,0,,,,,,,,,,,,,
120,0.203,Jackie Bradley Jr.*,344,4,70,42,23,1,,,,,,,,,,,,,
121,0.21,Jackie Bradley Jr.*,271,3,57,34,19,1,,,,,,,,,,,,,
122,0.178,Jackie Bradley Jr.*,73,1,13,8,4,0,,,,,,,,,,,,,
123,0.288,Michael Brantley*,243,5,70,50,14,1,,,,,,,,,,,,,
124,0.333,Rob Brantly*,3,0,1,0,1,0,,,,,,,,,,,,,
125,0,Matt Brash,0,0,0,0,0,0,,,,,,,,,,,,,
126,0.259,Alex Bregman,548,23,142,81,38,0,,,,,,,,,,,,,
127,0.357,Will Brennan*,42,1,15,12,1,1,,,,,,,,,,,,,
128,0.204,Jonah Bride,162,1,33,28,4,0,,,,,,,,,,,,,
129,0.167,Lewis Brinson,36,3,6,1,2,0,,,,,,,,,,,,,
130,0.255,Mike Brosseau,141,6,36,25,5,0,,,,,,,,,,,,,
131,0.23,Seth Brown*,500,25,115,61,26,3,,,,,,,,,,,,,
132,0,Justin Bruihl*,0,0,0,0,0,0,,,,,,,,,,,,,
133,0.163,Vidal Bruján#,147,3,24,16,5,0,,,,,,,,,,,,,
134,0.306,Kris Bryant,160,5,49,32,12,0,,,,,,,,,,,,,
135,0,Aaron Bummer*,0,0,0,0,0,0,,,,,,,,,,,,,
136,0.207,Peyton Burdick,92,4,19,11,4,0,,,,,,,,,,,,,
137,0.25,Jake Burger,168,8,42,24,9,1,,,,,,,,,,,,,
138,0.188,Alec Burleson*,48,1,9,7,1,0,,,,,,,,,,,,,
139,0.224,Byron Buxton,340,28,76,32,13,3,,,,,,,,,,,,,
140,0.254,Miguel Cabrera,397,5,101,86,10,0,,,,,,,,,,,,,
141,0.247,Oswaldo Cabrera#,154,6,38,23,8,1,,,,,,,,,,,,,
142,0.179,Lorenzo Cain,145,1,26,20,5,0,,,,,,,,,,,,,
143,0.196,Kole Calhoun*,388,12,76,49,14,1,,,,,,,,,,,,,
144,0.135,Willie Calhoun*,52,1,7,3,3,0,,,,,,,,,,,,,
145,0.136,Willie Calhoun*,44,1,6,2,3,0,,,,,,,,,,,,,
146,0.125,Willie Calhoun*,8,0,1,1,0,0,,,,,,,,,,,,,
147,0.237,Alex Call,114,5,27,18,3,1,,,,,,,,,,,,,
148,0.167,Alex Call,12,0,2,2,0,0,,,,,,,,,,,,,
149,0.245,Alex Call,102,5,25,16,3,1,,,,,,,,,,,,,
150,0.237,Johan Camargo#,152,3,36,30,3,0,,,,,,,,,,,,,
151,0.219,Daz Cameron,64,1,14,9,3,1,,,,,,,,,,,,,
152,0.25,Luis Campusano,48,1,12,10,1,0,,,,,,,,,,,,,
153,0.217,Jeimer Candelario#,429,13,93,59,19,2,,,,,,,,,,,,,
154,0.266,Mark Canha,462,13,123,86,24,0,,,,,,,,,,,,,
155,0.15,Robinson Canó*,100,1,15,13,1,0,,,,,,,,,,,,,
156,0.195,Robinson Canó*,41,1,8,7,0,0,,,,,,,,,,,,,
157,0.091,Robinson Canó*,33,0,3,3,0,0,,,,,,,,,,,,,
158,0.154,Robinson Canó*,26,0,4,3,1,0,,,,,,,,,,,,,
159,0.308,Conner Capel*,52,3,16,12,0,1,,,,,,,,,,,,,
160,0.176,Conner Capel*,17,1,3,2,0,0,,,,,,,,,,,,,
161,0.371,Conner Capel*,35,2,13,10,0,1,,,,,,,,,,,,,
162,0.2,Vinny Capra,5,0,1,1,0,0,,,,,,,,,,,,,
163,0.199,Victor Caratini#,272,9,54,33,12,0,,,,,,,,,,,,,
164,0.236,Dylan Carlson#,432,8,102,60,30,4,,,,,,,,,,,,,
165,0.252,Kerry Carpenter*,103,6,26,15,4,1,,,,,,,,,,,,,
166,0.305,Matt Carpenter*,128,15,39,15,9,0,,,,,,,,,,,,,
167,0.26,Corbin Carroll*,104,4,27,12,9,2,,,,,,,,,,,,,
168,0.203,Curt Casali,148,5,30,21,4,0,,,,,,,,,,,,,
169,0.231,Curt Casali,108,4,25,18,3,0,,,,,,,,,,,,,
170,0.125,Curt Casali,40,1,5,3,1,0,,,,,,,,,,,,,
171,0.197,Triston Casas*,76,5,15,9,1,0,,,,,,,,,,,,,
172,0.263,Nick Castellanos,524,13,138,98,27,0,,,,,,,,,,,,,
173,0,Diego Castillo,0,0,0,0,0,0,,,,,,,,,,,,,
174,0.206,Diego Castillo,262,11,54,30,13,0,,,,,,,,,,,,,
175,0.271,Harold Castro*,420,7,114,84,21,2,,,,,,,,,,,,,
176,0.115,Jason Castro*,78,1,9,6,2,0,,,,,,,,,,,,,
177,0.233,Rodolfo Castro#,253,11,59,36,8,4,,,,,,,,,,,,,
178,0.241,Willi Castro#,365,8,88,60,18,2,,,,,,,,,,,,,
179,0.213,Jake Cave*,164,5,35,20,7,3,,,,,,,,,,,,,
180,0.238,Gilberto Celestino,311,2,74,59,12,1,,,,,,,,,,,,,
181,0.208,Yu Chang,168,4,35,25,6,0,,,,,,,,,,,,,
182,0.222,Yu Chang,126,3,28,20,5,0,,,,,,,,,,,,,
183,0,Yu Chang,10,0,0,0,0,0,,,,,,,,,,,,,
184,0.167,Yu Chang,42,1,7,5,1,0,,,,,,,,,,,,,
185,0.26,Yu Chang,96,3,25,19,3,0,,,,,,,,,,,,,
186,0.15,Yu Chang,20,0,3,1,2,0,,,,,,,,,,,,,
187,0.229,Matt Chapman,538,27,123,68,27,1,,,,,,,,,,,,,
188,0.229,Michael Chavis,401,14,92,59,16,3,,,,,,,,,,,,,
189,0.179,Robinson Chirinos,195,4,35,22,9,0,,,,,,,,,,,,,
190,0.254,Jazz Chisholm Jr.*,213,14,54,26,10,4,,,,,,,,,,,,,
191,0.233,Ji-Man Choi*,356,11,83,50,22,0,,,,,,,,,,,,,
192,0,Taylor Clarke,0,0,0,0,0,0,,,,,,,,,,,,,
193,0.145,Kody Clemens*,117,5,17,8,4,0,,,,,,,,,,,,,
194,0.184,Ernie Clement,163,0,30,26,4,0,,,,,,,,,,,,,
195,0.2,Ernie Clement,145,0,29,26,3,0,,,,,,,,,,,,,
196,0.056,Ernie Clement,18,0,1,0,1,0,,,,,,,,,,,,,
197,0,Dylan Coleman,0,0,0,0,0,0,,,,,,,,,,,,,
198,0.155,Zack Collins*,97,4,15,7,4,0,,,,,,,,,,,,,
199,0.194,Zack Collins*,72,4,14,6,4,0,,,,,,,,,,,,,
200,0.04,Zack Collins*,25,0,1,1,0,0,,,,,,,,,,,,,
201,0,Alex Colomé,0,0,0,0,0,0,,,,,,,,,,,,,
202,0.121,Mark Contreras*,58,3,7,3,1,0,,,,,,,,,,,,,
203,0.278,William Contreras,334,20,93,58,14,1,,,,,,,,,,,,,
204,0.243,Willson Contreras,416,22,101,54,23,2,,,,,,,,,,,,,
205,0.261,Garrett Cooper,414,9,108,64,33,2,,,,,,,,,,,,,
206,0.219,Franchy Cordero*,242,8,53,27,17,1,,,,,,,,,,,,,
207,0.291,Carlos Correa,522,22,152,105,24,1,,,,,,,,,,,,,
208,0.231,Brandon Crawford*,407,9,94,68,15,2,,,,,,,,,,,,,
209,0.243,J.P. Crawford*,518,6,126,93,24,3,,,,,,,,,,,,,
210,0.257,C.J. Cron,575,29,148,88,28,3,,,,,,,,,,,,,
211,0.239,Jake Cronenworth*,587,17,140,89,30,4,,,,,,,,,,,,,
212,0.25,Narciso Crook,8,0,2,1,1,0,,,,,,,,,,,,,
213,0.234,Nelson Cruz,448,10,105,79,16,0,,,,,,,,,,,,,
214,0.233,Oneil Cruz*,331,17,77,43,13,4,,,,,,,,,,,,,
215,0.252,Charlie Culberson,115,2,29,21,6,0,,,,,,,,,,,,,
216,0.268,Travis d'Arnaud,396,18,106,62,25,1,,,,,,,,,,,,,
217,0.215,Bobby Dalbec,317,12,68,45,9,2,,,,,,,,,,,,,
218,0.147,Matt Davidson,34,2,5,3,0,0,,,,,,,,,,,,,
219,0.1,Matt Davidson,10,1,1,0,0,0,,,,,,,,,,,,,
220,0.167,Matt Davidson,24,1,4,3,0,0,,,,,,,,,,,,,
221,0.2,Brendon Davis,10,0,2,2,0,0,,,,,,,,,,,,,
222,0.248,J.D. Davis,318,12,79,50,16,1,,,,,,,,,,,,,
223,0.238,J.D. Davis,181,4,43,30,8,1,,,,,,,,,,,,,
224,0.263,J.D. Davis,137,8,36,20,8,0,,,,,,,,,,,,,
225,0.333,Jaylin Davis,24,0,8,7,1,0,,,,,,,,,,,,,
226,0.224,Jonathan Davis,76,0,17,16,1,0,,,,,,,,,,,,,
227,0,Ronnie Dawson*,3,0,0,0,0,0,,,,,,,,,,,,,
228,0.301,Yonathan Daza,372,2,112,87,21,2,,,,,,,,,,,,,
229,0.252,Bryan De La Cruz,329,13,83,50,20,0,,,,,,,,,,,,,
230,0,Enyel De Los Santos,0,0,0,0,0,0,,,,,,,,,,,,,
231,0.375,Austin Dean,8,0,3,3,0,0,,,,,,,,,,,,,
232,0.157,Paul DeJong,210,6,33,18,9,0,,,,,,,,,,,,,
233,0.213,Jason Delay,155,1,33,26,6,0,,,,,,,,,,,,,
234,0.15,Ben DeLuzio,20,0,3,2,1,0,,,,,,,,,,,,,
235,0.213,Travis Demeritte,89,3,19,14,2,0,,,,,,,,,,,,,
236,0.295,Rafael Devers*,555,27,164,94,42,1,,,,,,,,,,,,,
237,0.243,Aledmys Díaz,305,12,74,49,13,0,,,,,,,,,,,,,
238,0,Edwin Díaz,0,0,0,0,0,0,,,,,,,,,,,,,
239,0.228,Elias Díaz,351,9,80,51,18,2,,,,,,,,,,,,,
240,0.265,Jordan Diaz,49,0,13,10,3,0,,,,,,,,,,,,,
241,0.169,Lewin Díaz*,160,5,27,18,4,0,,,,,,,,,,,,,
242,0.125,Yainer Diaz,8,0,1,0,1,0,,,,,,,,,,,,,
243,0.296,Yandy Díaz,473,9,140,98,33,0,,,,,,,,,,,,,
244,0,Yusniel Diaz,1,0,0,0,0,0,,,,,,,,,,,,,
245,0.121,Alex Dickerson*,33,1,4,3,0,0,,,,,,,,,,,,,
246,0.267,Corey Dickerson*,281,6,75,51,17,1,,,,,,,,,,,,,
247,0,Wilmer Difo#,6,0,0,0,0,0,,,,,,,,,,,,,
248,0.214,Brandon Dixon,14,0,3,2,1,0,,,,,,,,,,,,,
249,0.222,Josh Donaldson,478,15,106,63,28,0,,,,,,,,,,,,,
250,0.281,Brendan Donovan*,391,5,110,83,21,1,,,,,,,,,,,,,
251,0.154,Jeter Downs,39,1,6,4,1,0,,,,,,,,,,,,,
252,0.236,Hunter Dozier,462,12,109,67,26,4,,,,,,,,,,,,,
253,0.263,Brandon Drury,518,28,136,75,31,2,,,,,,,,,,,,,
254,0.274,Brandon Drury,350,20,96,52,22,2,,,,,,,,,,,,,
255,0.238,Brandon Drury,168,8,40,23,9,0,,,,,,,,,,,,,
256,0.214,Mauricio Dubón,243,5,52,38,9,0,,,,,,,,,,,,,
257,0.239,Mauricio Dubón,46,2,11,8,1,0,,,,,,,,,,,,,
258,0.208,Mauricio Dubón,197,3,41,30,8,0,,,,,,,,,,,,,
259,0,Tyler Duffey,0,0,0,0,0,0,,,,,,,,,,,,,
260,0.25,Matt Duffy,228,2,57,47,8,0,,,,,,,,,,,,,
261,0.153,Steven Duggar*,72,0,11,7,3,1,,,,,,,,,,,,,
262,0.111,Steven Duggar*,36,0,4,3,0,1,,,,,,,,,,,,,
263,0.194,Steven Duggar*,36,0,7,4,3,0,,,,,,,,,,,,,
264,0.176,Steven Duggar*,17,0,3,3,0,0,,,,,,,,,,,,,
265,0.053,Steven Duggar*,19,0,1,0,0,1,,,,,,,,,,,,,
266,0.3,Joe Dunand,10,1,3,1,1,0,,,,,,,,,,,,,
267,0.236,Ezequiel Duran,208,5,49,33,10,1,,,,,,,,,,,,,
268,0.221,Jarren Duran*,204,3,45,25,14,3,,,,,,,,,,,,,
269,0,Jhoan Duran,0,0,0,0,0,0,,,,,,,,,,,,,
270,0.213,Adam Duvall,287,12,61,32,16,1,,,,,,,,,,,,,
271,0.264,Nate Eaton,106,1,28,20,4,3,,,,,,,,,,,,,
272,0.265,Tommy Edman#,577,13,153,105,31,4,,,,,,,,,,,,,
273,0.188,Drew Ellis,16,0,3,2,1,0,,,,,,,,,,,,,
274,0.154,Drew Ellis,13,0,2,1,1,0,,,,,,,,,,,,,
275,0.333,Drew Ellis,3,0,1,1,0,0,,,,,,,,,,,,,
276,0.182,Jerar Encarnacion,77,3,14,8,3,0,,,,,,,,,,,,,
277,0.224,Adam Engel,245,2,55,39,13,1,,,,,,,,,,,,,
278,0.218,Alcides Escobar,124,0,27,21,4,2,,,,,,,,,,,,,
279,0.24,Eduardo Escobar#,495,20,119,69,26,4,,,,,,,,,,,,,
280,0.267,Santiago Espinal,449,7,120,88,25,0,,,,,,,,,,,,,
281,0,Carlos Estévez,0,0,0,0,0,0,,,,,,,,,,,,,
282,0.26,Thairo Estrada,488,14,127,89,22,2,,,,,,,,,,,,,
283,0.247,Stuart Fairchild,97,5,24,14,4,1,,,,,,,,,,,,,
284,0.255,Stuart Fairchild,94,5,24,14,4,1,,,,,,,,,,,,,
285,0,Stuart Fairchild,3,0,0,0,0,0,,,,,,,,,,,,,
286,0,Stuart Fairchild,8,0,0,0,0,0,,,,,,,,,,,,,
287,0.279,Stuart Fairchild,86,5,24,14,4,1,,,,,,,,,,,,,
288,0,Jeurys Familia,0,0,0,0,0,0,,,,,,,,,,,,,
289,0,Jeurys Familia,0,0,0,0,0,0,,,,,,,,,,,,,
290,0.255,Kyle Farmer,526,14,134,94,25,1,,,,,,,,,,,,,
291,0.25,Mario Feliciano,4,0,1,1,0,0,,,,,,,,,,,,,
292,0,Freddy Fermin,7,0,0,0,0,0,,,,,,,,,,,,,
293,0.255,David Fletcher,216,2,55,43,9,1,,,,,,,,,,,,,
294,0.229,Wilmer Flores,525,19,120,72,28,1,,,,,,,,,,,,,
295,0.097,Estevan Florial*,31,0,3,3,0,0,,,,,,,,,,,,,
296,0,Dylan Floro*,0,0,0,0,0,0,,,,,,,,,,,,,
297,0.206,Mike Ford*,131,3,27,19,5,0,,,,,,,,,,,,,
298,0.217,Mike Ford*,120,3,26,18,5,0,,,,,,,,,,,,,
299,0.091,Mike Ford*,11,0,1,1,0,0,,,,,,,,,,,,,
300,0.25,Mike Ford*,4,0,1,1,0,0,,,,,,,,,,,,,
301,0.172,Mike Ford*,29,0,5,4,1,0,,,,,,,,,,,,,
302,0,Mike Ford*,7,0,0,0,0,0,,,,,,,,,,,,,
303,0.231,Mike Ford*,91,3,21,14,4,0,,,,,,,,,,,,,
304,0.23,Nick Fortes,217,9,50,34,6,1,,,,,,,,,,,,,
305,0,Matt Foster,0,0,0,0,0,0,,,,,,,,,,,,,
306,0.08,Lucius Fox#,25,0,2,2,0,0,,,,,,,,,,,,,
307,0.259,Jake Fraley*,216,12,56,35,9,0,,,,,,,,,,,,,
308,0.274,Ty France,551,20,151,103,27,1,,,,,,,,,,,,,
309,0.229,Maikel Franco,371,9,85,61,15,0,,,,,,,,,,,,,
310,0.277,Wander Franco#,314,6,87,58,20,3,,,,,,,,,,,,,
311,0.238,Adam Frazier*,541,3,129,100,22,4,,,,,,,,,,,,,
312,0.216,Jackson Frazier,37,0,8,5,3,0,,,,,,,,,,,,,
313,0.325,Freddie Freeman*,612,21,199,129,47,2,,,,,,,,,,,,,
314,0.247,Tyler Freeman,77,0,19,16,3,0,,,,,,,,,,,,,
315,0.24,TJ Friedl*,225,8,54,31,10,5,,,,,,,,,,,,,
316,0,Michael Fulmer,0,0,0,0,0,0,,,,,,,,,,,,,
317,0,Michael Fulmer,0,0,0,0,0,0,,,,,,,,,,,,,
318,0.214,Cam Gallagher,42,0,9,4,5,0,,,,,,,,,,,,,
319,0.16,Joey Gallo*,350,19,56,27,8,2,,,,,,,,,,,,,
320,0.159,Joey Gallo*,233,12,37,20,4,1,,,,,,,,,,,,,
321,0.162,Joey Gallo*,117,7,19,7,4,1,,,,,,,,,,,,,
322,0.232,Ben Gamel*,371,9,86,55,20,2,,,,,,,,,,,,,
323,0.25,Adolis García,605,27,151,85,34,5,,,,,,,,,,,,,
324,0.213,Aramis Garcia,108,1,23,20,2,0,,,,,,,,,,,,,
325,0.224,Avisaíl García,357,8,80,63,9,0,,,,,,,,,,,,,
326,0.207,Dermis Garcia,116,5,24,13,6,0,,,,,,,,,,,,,
327,0.21,Leury Garcia#,300,3,63,52,8,0,,,,,,,,,,,,,
328,0.275,Luis García*,360,7,99,67,23,2,,,,,,,,,,,,,
329,0.318,Maikel Garcia,22,0,7,6,1,0,,,,,,,,,,,,,
330,0,Rico Garcia,0,0,0,0,0,0,,,,,,,,,,,,,
331,0.233,Kyle Garlick,150,9,35,23,3,0,,,,,,,,,,,,,
332,0.3,Dustin Garneau,10,0,3,2,1,0,,,,,,,,,,,,,
333,0.276,Stone Garrett,76,4,21,9,8,0,,,,,,,,,,,,,
334,0.207,Mitch Garver,188,10,39,22,7,0,,,,,,,,,,,,,
335,0,Lucas Gilbreath*,0,0,0,0,0,0,,,,,,,,,,,,,
336,0.297,Andrés Giménez*,491,17,146,100,26,3,,,,,,,,,,,,,
337,0,Kevin Ginkel*,0,0,0,0,0,0,,,,,,,,,,,,,
338,0,Mychal Givens,0,0,0,0,0,0,,,,,,,,,,,,,
339,0,Mychal Givens,0,0,0,0,0,0,,,,,,,,,,,,,
340,0.05,José Godoy*,20,0,1,1,0,0,,,,,,,,,,,,,
341,0,José Godoy*,3,0,0,0,0,0,,,,,,,,,,,,,
342,0.059,José Godoy*,17,0,1,1,0,0,,,,,,,,,,,,,
343,0.317,Paul Goldschmidt,561,35,178,102,41,0,,,,,,,,,,,,,
344,0.235,Yan Gomes,277,8,65,45,12,0,,,,,,,,,,,,,
345,0.189,Erik González,37,0,7,6,1,0,,,,,,,,,,,,,
346,0.254,Luis González*,311,4,79,56,17,2,,,,,,,,,,,,,
347,0.185,Marwin Gonzalez#,184,6,34,21,7,0,,,,,,,,,,,,,
348,0.296,Oscar Gonzalez,362,11,107,69,27,0,,,,,,,,,,,,,
349,0.238,Romy Gonzalez,105,2,25,18,4,1,,,,,,,,,,,,,
350,0.116,Niko Goodrum#,43,0,5,3,2,0,,,,,,,,,,,,,
351,0.272,Nick Gordon*,405,9,110,69,28,4,,,,,,,,,,,,,
352,0.143,Terrance Gore,7,0,1,1,0,0,,,,,,,,,,,,,
353,0.226,Nolan Gorman*,283,14,64,37,13,0,,,,,,,,,,,,,
354,0.149,Phil Gosselin,74,0,11,10,0,1,,,,,,,,,,,,,
355,0.261,Phil Gosselin,23,0,6,6,0,0,,,,,,,,,,,,,
356,0.098,Phil Gosselin,51,0,5,4,0,1,,,,,,,,,,,,,
357,0.202,Yasmani Grandal#,327,5,66,54,7,0,,,,,,,,,,,,,
358,0,Kendall Graveman,0,0,0,0,0,0,,,,,,,,,,,,,
359,0.253,Riley Greene*,376,5,95,68,18,4,,,,,,,,,,,,,
360,0.21,Didi Gregorius*,214,1,45,31,9,4,,,,,,,,,,,,,
361,0.167,Grayson Greiner,6,0,1,1,0,0,,,,,,,,,,,,,
362,0.259,Randal Grichuk,506,19,131,88,21,3,,,,,,,,,,,,,
363,0,Justin Grimm,0,0,0,0,0,0,,,,,,,,,,,,,
364,0.184,Trent Grisham*,451,17,83,48,16,2,,,,,,,,,,,,,
365,0.291,Vaughn Grissom,141,5,41,30,6,0,,,,,,,,,,,,,
366,0.262,Jordan Groshans,61,1,16,15,0,0,,,,,,,,,,,,,
367,0.209,Robbie Grossman#,411,7,86,59,19,1,,,,,,,,,,,,,
368,0.205,Robbie Grossman#,273,2,56,40,13,1,,,,,,,,,,,,,
369,0.217,Robbie Grossman#,138,5,30,19,6,0,,,,,,,,,,,,,
370,0.274,Vladimir Guerrero Jr.,638,32,175,108,35,0,,,,,,,,,,,,,
371,0.273,Luis Guillorme*,297,2,81,66,12,1,,,,,,,,,,,,,
372,0.291,Lourdes Gurriel Jr.,453,5,132,94,32,1,,,,,,,,,,,,,
373,0.242,Yuli Gurriel,545,8,132,84,40,0,,,,,,,,,,,,,
374,0.333,Dalton Guthrie,21,1,7,6,0,0,,,,,,,,,,,,,
375,0.143,Kelvin Gutiérrez,28,0,4,3,1,0,,,,,,,,,,,,,
376,0,Ronald Guzmán*,6,0,0,0,0,0,,,,,,,,,,,,,
377,0.254,Eric Haase,323,14,82,50,17,1,,,,,,,,,,,,,
378,0.24,Jake Hager,50,0,12,10,2,0,,,,,,,,,,,,,
379,0.256,Sam Haggerty#,176,5,45,30,9,1,,,,,,,,,,,,,
380,0.25,Darick Hall*,136,9,34,16,8,1,,,,,,,,,,,,,
381,0.05,Billy Hamilton,20,0,1,1,0,0,,,,,,,,,,,,,
382,0.077,Billy Hamilton,13,0,1,1,0,0,,,,,,,,,,,,,
383,0,Billy Hamilton,7,0,0,0,0,0,,,,,,,,,,,,,
384,0.056,Caleb Hamilton,18,1,1,0,0,0,,,,,,,,,,,,,
385,0.211,Garrett Hampson,199,2,42,30,7,3,,,,,,,,,,,,,
386,0.246,Mitch Haniger,224,11,55,36,8,0,,,,,,,,,,,,,
387,0.271,Ian Happ#,573,17,155,94,42,2,,,,,,,,,,,,,
388,0.286,Bryce Harper*,370,18,106,59,28,1,,,,,,,,,,,,,
389,0.297,Michael Harris*,414,19,123,74,27,3,,,,,,,,,,,,,
390,0.256,Josh Harrison,386,7,99,71,19,2,,,,,,,,,,,,,
391,0.182,Monte Harrison,11,1,2,1,0,0,,,,,,,,,,,,,
392,0.238,Adam Haseley*,21,0,5,5,0,0,,,,,,,,,,,,,
393,0.244,Ke'Bryan Hayes,505,7,123,89,24,3,,,,,,,,,,,,,
394,0.25,Austin Hays,535,16,134,81,35,2,,,,,,,,,,,,,
395,0.163,Austin Hedges,294,7,48,37,4,0,,,,,,,,,,,,,
396,0.227,Jonah Heim#,406,16,92,55,20,1,,,,,,,,,,,,,
397,0.217,Tyler Heineman#,157,0,34,26,8,0,,,,,,,,,,,,,
398,0.267,Tyler Heineman#,15,0,4,2,2,0,,,,,,,,,,,,,
399,0.211,Tyler Heineman#,142,0,30,24,6,0,,,,,,,,,,,,,
400,0.259,Gunnar Henderson*,116,4,30,18,7,1,,,,,,,,,,,,,
401,0,Liam Hendriks,0,0,0,0,0,0,,,,,,,,,,,,,
402,0,Ryan Hendrix,0,0,0,0,0,0,,,,,,,,,,,,,
403,0.143,Payton Henry,28,0,4,4,0,0,,,,,,,,,,,,,
404,0.345,David Hensley,29,1,10,6,2,1,,,,,,,,,,,,,
405,0.158,Guillermo Heredia,76,3,12,5,3,1,,,,,,,,,,,,,
406,0.115,Michael Hermosillo,61,0,7,5,2,0,,,,,,,,,,,,,
407,0,Carlos Hernández,0,0,0,0,0,0,,,,,,,,,,,,,
408,0.248,César Hernández#,560,1,139,106,28,4,,,,,,,,,,,,,
409,0.182,Elier Hernandez,33,0,6,4,2,0,,,,,,,,,,,,,
410,0.222,Enrique Hernández,361,6,80,50,24,0,,,,,,,,,,,,,
411,0.267,Teoscar Hernández,499,25,133,72,35,1,,,,,,,,,,,,,
412,0.269,Yadiel Hernández*,305,9,82,57,16,0,,,,,,,,,,,,,
413,0.083,Yonny Hernandez#,24,0,2,2,0,0,,,,,,,,,,,,,
414,0.111,Iván Herrera,18,0,2,2,0,0,,,,,,,,,,,,,
415,0.189,Jose Herrera#,111,0,21,19,2,0,,,,,,,,,,,,,
416,0.238,Odúbel Herrera*,185,5,44,29,9,1,,,,,,,,,,,,,
417,0.204,Jason Heyward*,137,1,28,21,5,1,,,,,,,,,,,,,
418,0,Brewer Hicklen,4,0,0,0,0,0,,,,,,,,,,,,,
419,0.216,Aaron Hicks#,384,8,83,64,9,2,,,,,,,,,,,,,
420,0.227,Kyle Higashioka,229,10,52,35,7,0,,,,,,,,,,,,,
421,0.229,P.J. Higgins,201,6,46,28,11,1,,,,,,,,,,,,,
422,0.229,Derek Hill,83,1,19,16,2,0,,,,,,,,,,,,,
423,0.184,Sam Hilliard*,174,2,32,23,6,1,,,,,,,,,,,,,
424,0.226,Keston Hiura,234,14,53,30,8,1,,,,,,,,,,,,,
425,0.281,Nico Hoerner,481,10,135,98,22,5,,,,,,,,,,,,,
426,0,Jeff Hoffman,0,0,0,0,0,0,,,,,,,,,,,,,
427,0.246,Rhys Hoskins,589,30,145,80,33,2,,,,,,,,,,,,,
428,0.268,Eric Hosmer*,380,8,102,75,19,0,,,,,,,,,,,,,
429,0.272,Eric Hosmer*,335,8,91,67,16,0,,,,,,,,,,,,,
430,0.244,Eric Hosmer*,45,0,11,8,3,0,,,,,,,,,,,,,
431,0.24,Sam Huff,121,4,29,21,4,0,,,,,,,,,,,,,
432,0,Brandon Hughes#,0,0,0,0,0,0,,,,,,,,,,,,,
433,0.176,Cooper Hummel#,176,3,31,17,8,3,,,,,,,,,,,,,
434,0,Tommy Hunter,0,0,0,0,0,0,,,,,,,,,,,,,
435,0.218,Andy Ibáñez,119,1,26,21,4,0,,,,,,,,,,,,,
436,0.292,José Iglesias,439,3,128,95,30,0,,,,,,,,,,,,,
437,0.125,Ender Inciarte*,8,0,1,1,0,0,,,,,,,,,,,,,
438,0.249,Jonathan India,386,10,96,68,16,2,,,,,,,,,,,,,
439,0.211,Kyle Isbel*,256,5,54,35,10,4,,,,,,,,,,,,,
440,0.25,Alex Jackson,12,0,3,3,0,0,,,,,,,,,,,,,
441,0,Drew Jackson,3,0,0,0,0,0,,,,,,,,,,,,,
442,0.164,Travis Jankowski*,55,0,9,9,0,0,,,,,,,,,,,,,
443,0.167,Travis Jankowski*,54,0,9,9,0,0,,,,,,,,,,,,,
444,0,Travis Jankowski*,1,0,0,0,0,0,,,,,,,,,,,,,
445,0.26,Danny Jansen,215,15,56,31,10,0,,,,,,,,,,,,,
446,0.208,Ryan Jeffers,212,7,44,26,10,1,,,,,,,,,,,,,
447,0.295,Eloy Jiménez,292,16,86,58,12,0,,,,,,,,,,,,,
448,0.238,Connor Joe,404,7,96,65,20,4,,,,,,,,,,,,,
449,0.111,Bryce Johnson#,18,0,2,2,0,0,,,,,,,,,,,,,
450,0.244,Nolan Jones*,86,2,21,14,5,0,,,,,,,,,,,,,
451,0,Taylor Jones,1,0,0,0,0,0,,,,,,,,,,,,,
452,0.311,Aaron Judge,570,62,177,87,28,0,,,,,,,,,,,,,
453,0.204,Josh Jung,98,5,20,10,4,1,,,,,,,,,,,,,
454,0,James Kaprielian,0,0,0,0,0,0,,,,,,,,,,,,,
455,0.143,Gosuke Katoh*,7,0,1,0,1,0,,,,,,,,,,,,,
456,0.141,Jarred Kelenic*,163,7,23,10,5,1,,,,,,,,,,,,,
457,0.211,Carson Kelly,317,7,67,42,18,0,,,,,,,,,,,,,
458,0.235,Tony Kemp*,497,7,117,84,24,2,,,,,,,,,,,,,
459,0.217,Buddy Kennedy,83,1,18,13,2,2,,,,,,,,,,,,,
460,0,Ian Kennedy,0,0,0,0,0,0,,,,,,,,,,,,,
461,0.227,Max Kepler*,388,9,88,60,18,1,,,,,,,,,,,,,
462,0.228,Kevin Kiermaier*,206,7,47,32,8,0,,,,,,,,,,,,,
463,0.251,Ha-Seong Kim,517,11,130,87,29,3,,,,,,,,,,,,,
464,0,Craig Kimbrel,0,0,0,0,0,0,,,,,,,,,,,,,
465,0.261,Isiah Kiner-Falefa,483,4,126,102,20,0,,,,,,,,,,,,,
466,0,Scott Kingery,0,0,0,0,0,0,,,,,,,,,,,,,
467,0.25,Alex Kirilloff*,144,3,36,26,7,0,,,,,,,,,,,,,
468,0.285,Alejandro Kirk,470,14,134,101,19,0,,,,,,,,,,,,,
469,0.128,Andrew Knapp#,39,0,5,4,1,0,,,,,,,,,,,,,
470,0.143,Andrew Knapp#,35,0,5,4,1,0,,,,,,,,,,,,,
471,0.129,Andrew Knapp#,31,0,4,3,1,0,,,,,,,,,,,,,
472,0,Andrew Knapp#,4,0,0,0,0,0,,,,,,,,,,,,,
473,0.25,Andrew Knapp#,4,0,1,1,0,0,,,,,,,,,,,,,
474,0.215,Andrew Knizner,260,4,56,42,10,0,,,,,,,,,,,,,
475,0.2,Mark Kolozsvary,20,1,4,1,2,0,,,,,,,,,,,,,
476,0,Joey Krehbiel,0,0,0,0,0,0,,,,,,,,,,,,,
477,0.178,Ryan Kreidler,73,1,13,11,1,0,,,,,,,,,,,,,
478,0.125,Jason Krizan*,8,0,1,1,0,0,,,,,,,,,,,,,
479,0,Joel Kuhnel,0,0,0,0,0,0,,,,,,,,,,,,,
480,0.298,Steven Kwan*,563,6,168,130,25,7,,,,,,,,,,,,,
481,0.239,Tommy La Stella*,180,2,43,27,14,0,,,,,,,,,,,,,
482,0.183,Juan Lagares,60,0,11,8,2,1,,,,,,,,,,,,,
483,0.216,Jake Lamb*,97,3,21,11,6,1,,,,,,,,,,,,,
484,0.239,Jake Lamb*,67,2,16,8,5,1,,,,,,,,,,,,,
485,0.167,Jake Lamb*,30,1,5,3,1,0,,,,,,,,,,,,,
486,0,Jimmy Lambert,0,0,0,0,0,0,,,,,,,,,,,,,
487,0.218,Shea Langeliers,142,6,31,14,10,1,,,,,,,,,,,,,
488,0.231,Trevor Larnach*,160,5,37,19,13,0,,,,,,,,,,,,,
489,0,Jack Larsen*,1,0,0,0,0,0,,,,,,,,,,,,,
490,0.211,Ramón Laureano,346,13,73,42,18,0,,,,,,,,,,,,,
491,0.083,Bryan Lavastida,12,0,1,1,0,0,,,,,,,,,,,,,
492,0.263,Charles Leblanc,156,4,41,27,10,0,,,,,,,,,,,,,
493,0.5,Khalil Lee*,2,1,1,0,0,0,,,,,,,,,,,,,
494,0.16,Korey Lee,25,0,4,2,2,0,,,,,,,,,,,,,
495,0.261,DJ LeMahieu,467,12,122,92,18,0,,,,,,,,,,,,,
496,0.169,Sandy Leon#,71,0,12,9,3,0,,,,,,,,,,,,,
497,0.133,Sandy Leon#,15,0,2,2,0,0,,,,,,,,,,,,,
498,0.179,Sandy Leon#,56,0,10,7,3,0,,,,,,,,,,,,,
499,0,Josh Lester*,5,0,0,0,0,0,,,,,,,,,,,,,
500,0.143,Kyle Lewis,56,3,8,5,0,0,,,,,,,,,,,,,
501,0.3,Royce Lewis,40,2,12,6,4,0,,,,,,,,,,,,,
502,0,Luis Liberato*,5,0,0,0,0,0,,,,,,,,,,,,,
503,0,Matthew Liberatore*,0,0,0,0,0,0,,,,,,,,,,,,,
504,0.27,Francisco Lindor#,630,26,170,114,25,5,,,,,,,,,,,,,
505,0,Jonathan Loáisiga,0,0,0,0,0,0,,,,,,,,,,,,,
506,0.186,Tim Locastro,43,2,8,5,1,0,,,,,,,,,,,,,
507,0.244,Evan Longoria,266,14,65,38,13,0,,,,,,,,,,,,,
508,0,Christian Lopes,9,0,0,0,0,0,,,,,,,,,,,,,
509,0.262,Alejo Lopez#,145,1,38,31,5,1,,,,,,,,,,,,,
510,0,Jorge López,0,0,0,0,0,0,,,,,,,,,,,,,
511,0,Jorge López,0,0,0,0,0,0,,,,,,,,,,,,,
512,0,Jorge López,0,0,0,0,0,0,,,,,,,,,,,,,
513,0.227,Nicky Lopez*,436,0,99,83,12,4,,,,,,,,,,,,,
514,0.667,Otto Lopez,9,0,6,6,0,0,,,,,,,,,,,,,
515,0,Reynaldo López,0,0,0,0,0,0,,,,,,,,,,,,,
516,0.221,Brandon Lowe*,235,8,52,32,10,2,,,,,,,,,,,,,
517,0.221,Josh Lowe*,181,2,40,24,12,2,,,,,,,,,,,,,
518,0.302,Nathaniel Lowe*,593,27,179,123,26,3,,,,,,,,,,,,,
519,0.18,Jed Lowrie#,167,3,30,22,5,0,,,,,,,,,,,,,
520,0,Seth Lugo,0,0,0,0,0,0,,,,,,,,,,,,,
521,0.176,Jordan Luplow,205,11,36,20,5,0,,,,,,,,,,,,,
522,0.276,Gavin Lux*,421,6,116,83,20,7,,,,,,,,,,,,,
523,0,Daniel Lynch*,0,0,0,0,0,0,,,,,,,,,,,,,
524,0.2,Dixon Machado,15,0,3,3,0,0,,,,,,,,,,,,,
525,0.298,Manny Machado,578,32,172,102,37,1,,,,,,,,,,,,,
526,0.22,Vimael Machín*,223,1,49,36,12,0,,,,,,,,,,,,,
527,0.14,David MacKinnon,50,0,7,7,0,0,,,,,,,,,,,,,
528,0.189,David MacKinnon,37,0,7,7,0,0,,,,,,,,,,,,,
529,0,David MacKinnon,13,0,0,0,0,0,,,,,,,,,,,,,
530,0.249,Nick Madrigal,209,0,52,45,7,0,,,,,,,,,,,,,
531,0.177,Bligh Madris*,113,1,20,12,7,0,,,,,,,,,,,,,
532,0.221,Luke Maile,181,3,40,27,10,0,,,,,,,,,,,,,
533,0.186,Martín Maldonado,344,15,64,37,12,0,,,,,,,,,,,,,
534,0.239,Trey Mancini,519,18,124,82,23,1,,,,,,,,,,,,,
535,0.268,Trey Mancini,354,10,95,68,16,1,,,,,,,,,,,,,
536,0.176,Trey Mancini,165,8,29,14,7,0,,,,,,,,,,,,,
537,0,Joe Mantiply,0,0,0,0,0,0,,,,,,,,,,,,,
538,0.206,Tucupita Marcano*,160,2,33,23,6,2,,,,,,,,,,,,,
539,0.274,Manuel Margot,336,4,92,68,18,2,,,,,,,,,,,,,
540,0.234,Jake Marisnick,77,2,18,10,6,0,,,,,,,,,,,,,
541,0,Deven Marrero,6,0,0,0,0,0,,,,,,,,,,,,,
542,0.245,Brandon Marsh*,424,11,104,71,18,4,,,,,,,,,,,,,
543,0.226,Brandon Marsh*,292,8,66,47,9,2,,,,,,,,,,,,,
544,0.288,Brandon Marsh*,132,3,38,24,9,2,,,,,,,,,,,,,
545,0.24,Ketel Marte#,492,12,118,62,42,2,,,,,,,,,,,,,
546,0.292,Starling Marte,466,16,136,91,24,5,,,,,,,,,,,,,
547,0,Brett Martin*,0,0,0,0,0,0,,,,,,,,,,,,,
548,0,Chris Martin,0,0,0,0,0,0,,,,,,,,,,,,,
549,0,Chris Martin,0,0,0,0,0,0,,,,,,,,,,,,,
550,0.167,Richie Martin,30,0,5,3,0,2,,,,,,,,,,,,,
551,0.274,J.D. Martinez,533,16,146,86,43,1,,,,,,,,,,,,,
552,0.243,Michael Massey*,173,4,42,28,9,1,,,,,,,,,,,,,
553,0.188,Miles Mastrobuoni*,16,0,3,3,0,0,,,,,,,,,,,,,
554,0.221,Jorge Mateo,494,13,109,64,25,7,,,,,,,,,,,,,
555,0.247,Mark Mathias,81,6,20,11,3,0,,,,,,,,,,,,,
556,0.125,Mark Mathias,16,1,2,1,0,0,,,,,,,,,,,,,
557,0.277,Mark Mathias,65,5,18,10,3,0,,,,,,,,,,,,,
558,0.209,J.J. Matijevic*,67,2,14,10,2,0,,,,,,,,,,,,,
559,0.25,Nick Maton*,72,5,18,10,2,1,,,,,,,,,,,,,
560,0.186,Jack Mayfield,70,1,13,10,1,1,,,,,,,,,,,,,
561,0.264,Nomar Mazara*,159,2,42,32,8,0,,,,,,,,,,,,,
562,0.191,Patrick Mazeika*,68,1,13,8,4,0,,,,,,,,,,,,,
563,0.195,James McCann,174,3,34,25,6,0,,,,,,,,,,,,,
564,0.283,Jake McCarthy*,321,8,91,64,16,3,,,,,,,,,,,,,
565,0.245,Chas McCormick,359,14,88,60,12,2,,,,,,,,,,,,,
566,0.237,Andrew McCutchen,515,17,122,80,25,0,,,,,,,,,,,,,
567,0,Mickey McDonald#,4,0,0,0,0,0,,,,,,,,,,,,,
568,0.269,Reese McGuire*,249,3,67,49,14,1,,,,,,,,,,,,,
569,0.225,Reese McGuire*,151,0,34,25,9,0,,,,,,,,,,,,,
570,0.337,Reese McGuire*,98,3,33,24,5,1,,,,,,,,,,,,,
571,0.237,Ryan McKenna,156,2,37,25,10,0,,,,,,,,,,,,,
572,0.096,Billy McKinney*,52,1,5,3,1,0,,,,,,,,,,,,,
573,0.199,Zach McKinstry*,166,5,33,19,6,3,,,,,,,,,,,,,
574,0.091,Zach McKinstry*,11,1,1,0,0,0,,,,,,,,,,,,,
575,0.206,Zach McKinstry*,155,4,32,19,6,3,,,,,,,,,,,,,
576,0.246,Ryan McMahon*,529,20,130,84,23,3,,,,,,,,,,,,,
577,0.326,Jeff McNeil*,533,9,174,125,39,1,,,,,,,,,,,,,
578,0.25,Austin Meadows*,128,0,32,24,6,2,,,,,,,,,,,,,
579,0,Adonis Medina,0,0,0,0,0,0,,,,,,,,,,,,,
580,0.242,Francisco Mejía#,289,6,70,42,22,0,,,,,,,,,,,,,
581,0,Mark Melancon,0,0,0,0,0,0,,,,,,,,,,,,,
582,0.217,MJ Melendez*,460,18,100,58,21,3,,,,,,,,,,,,,
583,0.289,Danny Mendick,97,3,28,20,4,1,,,,,,,,,,,,,
584,0.324,Joey Meneses,222,13,72,45,14,0,,,,,,,,,,,,,
585,0.207,Oscar Mercado,121,4,25,14,6,1,,,,,,,,,,,,,
586,0.208,Oscar Mercado,120,4,25,14,6,1,,,,,,,,,,,,,
587,0,Oscar Mercado,1,0,0,0,0,0,,,,,,,,,,,,,
588,0.233,Yermín Mercedes,73,1,17,11,5,0,,,,,,,,,,,,,
589,0.25,Whit Merrifield,504,11,126,86,28,1,,,,,,,,,,,,,
590,0.24,Whit Merrifield,383,6,92,62,23,1,,,,,,,,,,,,,
591,0.281,Whit Merrifield,121,5,34,24,5,0,,,,,,,,,,,,,
592,0.227,Jake Meyers,150,1,34,25,6,2,,,,,,,,,,,,,
593,0,Keynan Middleton,0,0,0,0,0,0,,,,,,,,,,,,,
594,0.212,Brad Miller*,222,7,47,37,3,0,,,,,,,,,,,,,
595,0.243,Owen Miller,424,6,103,70,26,1,,,,,,,,,,,,,
596,0,Alec Mills,0,0,0,0,0,0,,,,,,,,,,,,,
597,0,Wyatt Mills,0,0,0,0,0,0,,,,,,,,,,,,,
598,0,Wyatt Mills,0,0,0,0,0,0,,,,,,,,,,,,,
599,0.268,Jose Miranda,444,15,119,79,25,0,,,,,,,,,,,,,
600,0.226,Calvin Mitchell*,212,5,48,32,11,0,,,,,,,,,,,,,
601,0.311,Garrett Mitchell*,61,2,19,14,3,0,,,,,,,,,,,,,
602,0.214,Yadier Molina,262,5,56,43,8,0,,,,,,,,,,,,,
603,0.212,Yoán Moncada#,397,12,84,53,18,1,,,,,,,,,,,,,
604,0.14,Adalberto Mondesí#,50,0,7,7,0,0,,,,,,,,,,,,,
605,0,Nate Mondou*,2,0,0,0,0,0,,,,,,,,,,,,,
606,0.17,Mickey Moniak*,106,3,18,11,3,1,,,,,,,,,,,,,
607,0.13,Mickey Moniak*,46,0,6,5,1,0,,,,,,,,,,,,,
608,0.2,Mickey Moniak*,60,3,12,6,2,1,,,,,,,,,,,,,
609,0.233,Elehuris Montero,176,6,41,19,15,1,,,,,,,,,,,,,
610,0.224,Dylan Moore,205,6,46,27,11,2,,,,,,,,,,,,,
611,0.211,Colin Moran*,109,5,23,15,3,0,,,,,,,,,,,,,
612,0.235,Christopher Morel,379,16,89,50,19,4,,,,,,,,,,,,,
613,0.319,Gabriel Moreno,69,1,22,20,1,0,,,,,,,,,,,,,
614,0,Dauri Moreta,0,0,0,0,0,0,,,,,,,,,,,,,
615,0,Reyes Moronta,0,0,0,0,0,0,,,,,,,,,,,,,
616,0,Reyes Moronta,0,0,0,0,0,0,,,,,,,,,,,,,
617,0.167,Taylor Motter,6,0,1,1,0,0,,,,,,,,,,,,,
618,0.25,Ryan Mountcastle,555,22,139,88,28,1,,,,,,,,,,,,,
619,0.214,Mike Moustakas*,252,7,54,35,12,0,,,,,,,,,,,,,
620,0.258,Cedric Mullins*,608,16,157,105,32,4,,,,,,,,,,,,,
621,0.196,Max Muncy*,464,21,91,47,22,1,,,,,,,,,,,,,
622,0.211,Yairo Munoz,57,3,12,7,2,0,,,,,,,,,,,,,
623,0,Penn Murfee,0,0,0,0,0,0,,,,,,,,,,,,,
624,0.25,Sean Murphy,537,18,134,77,37,2,,,,,,,,,,,,,
625,0.303,Tom Murphy,33,1,10,7,2,0,,,,,,,,,,,,,
626,0.143,Símon Muzziotti*,7,0,1,1,0,0,,,,,,,,,,,,,
627,0.261,Wil Myers,261,7,68,46,15,0,,,,,,,,,,,,,
628,0.229,Tyler Naquin*,310,11,71,37,19,4,,,,,,,,,,,,,
629,0.246,Tyler Naquin*,187,7,46,25,12,2,,,,,,,,,,,,,
630,0.203,Tyler Naquin*,123,4,25,12,7,2,,,,,,,,,,,,,
631,0,Andrew Nardi*,0,0,0,0,0,0,,,,,,,,,,,,,
632,0.206,Omar Narváez*,262,4,54,37,12,1,,,,,,,,,,,,,
633,0,Bo Naylor*,8,0,0,0,0,0,,,,,,,,,,,,,
634,0.256,Josh Naylor*,449,20,115,67,28,0,,,,,,,,,,,,,
635,0,Kyle Nelson*,0,0,0,0,0,0,,,,,,,,,,,,,
636,0.214,Sheldon Neuse,271,4,58,48,4,2,,,,,,,,,,,,,
637,0.197,Tyler Nevin,157,2,31,25,4,0,,,,,,,,,,,,,
638,0.274,Kevin Newman,288,2,79,57,18,2,,,,,,,,,,,,,
639,0.239,Tomás Nido,284,3,68,50,15,0,,,,,,,,,,,,,
640,0.274,Brandon Nimmo*,580,16,159,106,30,7,,,,,,,,,,,,,
641,0.251,Austin Nola,347,4,87,68,15,0,,,,,,,,,,,,,
642,0.228,Lars Nootbaar*,290,14,66,33,16,3,,,,,,,,,,,,,
643,0,Daniel Norris*,0,0,0,0,0,0,,,,,,,,,,,,,
644,0,Daniel Norris*,0,0,0,0,0,0,,,,,,,,,,,,,
645,0.121,Dom Nuñez*,33,0,4,3,1,0,,,,,,,,,,,,,
646,0.239,Ryan O'Hearn*,134,1,32,24,6,1,,,,,,,,,,,,,
647,0.286,Logan O'Hoppe,14,0,4,4,0,0,,,,,,,,,,,,,
648,0.333,Brian O'Keefe,3,0,1,1,0,0,,,,,,,,,,,,,
649,0.228,Tyler O'Neill,334,14,76,50,11,1,,,,,,,,,,,,,
650,0.207,Rougned Odor*,426,13,88,53,19,3,,,,,,,,,,,,,
651,0.273,Shohei Ohtani*,586,34,160,90,30,6,,,,,,,,,,,,,
652,0,Steven Okert*,0,0,0,0,0,0,,,,,,,,,,,,,
653,0.167,Chris Okey,12,0,2,2,0,0,,,,,,,,,,,,,
654,0.286,Edward Olivares,161,4,46,34,8,0,,,,,,,,,,,,,
655,0.24,Matt Olson*,616,34,148,70,44,0,,,,,,,,,,,,,
656,0.241,Rafael Ortega*,316,7,76,54,14,1,,,,,,,,,,,,,
657,0.462,James Outman*,13,1,6,3,2,0,,,,,,,,,,,,,
658,0.107,Chris Owings,56,0,6,4,2,0,,,,,,,,,,,,,
659,0.226,Marcell Ozuna,470,23,106,64,19,0,,,,,,,,,,,,,
660,0.166,Cristian Pache,241,3,40,30,5,2,,,,,,,,,,,,,
661,0.121,Kevin Padlo,33,0,4,3,1,0,,,,,,,,,,,,,
662,0.087,Kevin Padlo,23,0,2,2,0,0,,,,,,,,,,,,,
663,0.167,Kevin Padlo,12,0,2,2,0,0,,,,,,,,,,,,,
664,0.2,Kevin Padlo,10,0,2,1,1,0,,,,,,,,,,,,,
665,0,Kevin Padlo,11,0,0,0,0,0,,,,,,,,,,,,,
666,0.143,Jermaine Palacios,70,2,10,8,0,0,,,,,,,,,,,,,
667,0.213,Josh Palacios*,47,0,10,8,2,0,,,,,,,,,,,,,
668,0.232,Richie Palacios*,112,0,26,20,6,0,,,,,,,,,,,,,
669,0.143,Michael Papierski#,91,1,13,11,1,0,,,,,,,,,,,,,
670,0,Michael Papierski#,9,0,0,0,0,0,,,,,,,,,,,,,
671,0.159,Michael Papierski#,82,1,13,11,1,0,,,,,,,,,,,,,
672,0.205,Isaac Paredes,331,20,68,32,16,0,,,,,,,,,,,,,
673,0.216,Hoy Park*,51,2,11,7,2,0,,,,,,,,,,,,,
674,0.295,Vinnie Pasquantino*,258,10,76,56,10,0,,,,,,,,,,,,,
675,0,Joel Payamps,0,0,0,0,0,0,,,,,,,,,,,,,
676,0,Joel Payamps,0,0,0,0,0,0,,,,,,,,,,,,,
677,0,Joel Payamps,0,0,0,0,0,0,,,,,,,,,,,,,
678,0.143,Mark Payton*,21,0,3,3,0,0,,,,,,,,,,,,,
679,0.274,Joc Pederson*,380,23,104,59,19,3,,,,,,,,,,,,,
680,0.333,Liover Peguero,3,0,1,1,0,0,,,,,,,,,,,,,
681,0.253,Jeremy Peña,521,22,132,88,20,2,,,,,,,,,,,,,
682,0.251,David Peralta*,439,12,110,65,30,3,,,,,,,,,,,,,
683,0.248,David Peralta*,278,12,69,36,19,2,,,,,,,,,,,,,
684,0.255,David Peralta*,161,0,41,29,11,1,,,,,,,,,,,,,
685,0.306,Oswald Peraza,49,1,15,11,3,0,,,,,,,,,,,,,
686,0.195,Geraldo Perdomo#,431,5,84,67,10,2,,,,,,,,,,,,,
687,0.222,Carlos Pérez,18,0,4,2,2,0,,,,,,,,,,,,,
688,0,Cionel Pérez,0,0,0,0,0,0,,,,,,,,,,,,,
689,0,Joe Perez,1,0,0,0,0,0,,,,,,,,,,,,,
690,0.149,Michael Perez*,121,6,18,12,0,0,,,,,,,,,,,,,
691,0.15,Michael Perez*,107,6,16,10,0,0,,,,,,,,,,,,,
692,0.143,Michael Perez*,14,0,2,2,0,0,,,,,,,,,,,,,
693,0.233,Roberto Perez,60,2,14,10,2,0,,,,,,,,,,,,,
694,0.254,Salvador Perez,445,23,113,66,23,1,,,,,,,,,,,,,
695,0.236,Jace Peterson*,288,8,68,44,14,2,,,,,,,,,,,,,
696,0.236,Tommy Pham,554,17,131,90,23,1,,,,,,,,,,,,,
697,0.238,Tommy Pham,340,11,81,58,11,1,,,,,,,,,,,,,
698,0.234,Tommy Pham,214,6,50,32,12,0,,,,,,,,,,,,,
699,0.144,Brett Phillips*,201,5,29,18,6,0,,,,,,,,,,,,,
700,0.147,Brett Phillips*,184,5,27,18,4,0,,,,,,,,,,,,,
701,0.118,Brett Phillips*,17,0,2,0,2,0,,,,,,,,,,,,,
702,0,Evan Phillips,0,0,0,0,0,0,,,,,,,,,,,,,
703,0.083,Kevin Pillar,12,0,1,0,1,0,,,,,,,,,,,,,
704,0.143,Manny Piña,14,0,2,2,0,0,,,,,,,,,,,,,
705,0.235,Chad Pinder,361,12,85,55,18,0,,,,,,,,,,,,,
706,0.077,Israel Pineda,13,0,1,1,0,0,,,,,,,,,,,,,
707,0.213,René Pinto,80,2,17,12,3,0,,,,,,,,,,,,,
708,0.19,Stephen Piscotty,126,5,24,15,4,0,,,,,,,,,,,,,
709,0.22,Kevin Plawecki,168,1,37,28,8,0,,,,,,,,,,,,,
710,0.217,Kevin Plawecki,157,1,34,25,8,0,,,,,,,,,,,,,
711,0.273,Kevin Plawecki,11,0,3,3,0,0,,,,,,,,,,,,,
712,0.138,Nick Plummer*,29,2,4,1,1,0,,,,,,,,,,,,,
713,0.235,Jorge Polanco#,375,16,88,56,16,0,,,,,,,,,,,,,
714,0.245,AJ Pollock,489,14,120,79,26,1,,,,,,,,,,,,,
715,0,Zach Pop,0,0,0,0,0,0,,,,,,,,,,,,,
716,0,Zach Pop,0,0,0,0,0,0,,,,,,,,,,,,,
717,0,Sean Poppen,0,0,0,0,0,0,,,,,,,,,,,,,
718,0.184,Nick Pratto*,158,7,29,12,9,1,,,,,,,,,,,,,
719,0,David Price*,0,0,0,0,0,0,,,,,,,,,,,,,
720,0.111,Ford Proctor*,18,1,2,1,0,0,,,,,,,,,,,,,
721,0.243,Jurickson Profar#,575,15,140,87,36,2,,,,,,,,,,,,,
722,0.27,Albert Pujols,307,24,83,45,14,0,,,,,,,,,,,,,
723,0.215,Roman Quinn#,79,0,17,12,3,2,,,,,,,,,,,,,
724,0.162,Roman Quinn#,37,0,6,5,1,0,,,,,,,,,,,,,
725,0.262,Roman Quinn#,42,0,11,7,2,2,,,,,,,,,,,,,
726,0.275,Esteban Quiroz*,40,0,11,11,0,0,,,,,,,,,,,,,
727,0.211,Cal Raleigh#,370,27,78,30,20,1,,,,,,,,,,,,,
728,0.197,Luke Raley*,61,1,12,9,2,0,,,,,,,,,,,,,
729,0.3,Harold Ramírez,403,6,121,91,24,0,,,,,,,,,,,,,
730,0.28,José Ramírez#,601,29,168,90,44,5,,,,,,,,,,,,,
731,0,Noé Ramirez,0,0,0,0,0,0,,,,,,,,,,,,,
732,0.1,Heliot Ramos,20,0,2,2,0,0,,,,,,,,,,,,,
733,0.276,J.T. Realmuto,504,22,139,86,26,5,,,,,,,,,,,,,
734,0,Jake Reed,0,0,0,0,0,0,,,,,,,,,,,,,
735,0,Jake Reed,0,0,0,0,0,0,,,,,,,,,,,,,
736,0,Jake Reed,0,0,0,0,0,0,,,,,,,,,,,,,
737,0,Jake Reed,0,0,0,0,0,0,,,,,,,,,,,,,
738,0.307,Rob Refsnyder,153,6,47,30,11,0,,,,,,,,,,,,,
739,0.265,Zach Reks*,34,0,9,8,1,0,,,,,,,,,,,,,
740,0.229,Anthony Rendon,166,5,38,23,10,0,,,,,,,,,,,,,
741,0.255,Hunter Renfroe,474,29,121,68,23,1,,,,,,,,,,,,,
742,0.264,Luis Rengifo#,489,17,129,86,22,4,,,,,,,,,,,,,
743,0.221,Franmil Reyes,438,14,97,64,17,2,,,,,,,,,,,,,
744,0.213,Franmil Reyes,263,9,56,38,9,0,,,,,,,,,,,,,
745,0.234,Franmil Reyes,175,5,41,26,8,2,,,,,,,,,,,,,
746,0.267,Pablo Reyes,15,0,4,4,0,0,,,,,,,,,,,,,
747,0.254,Victor Reyes#,315,3,80,55,19,3,,,,,,,,,,,,,
748,0.262,Bryan Reynolds#,542,27,142,92,19,4,,,,,,,,,,,,,
749,0.246,Matt Reynolds,244,3,60,46,10,1,,,,,,,,,,,,,
750,0,Matt Reynolds,0,0,0,0,0,0,,,,,,,,,,,,,
751,0.246,Matt Reynolds,244,3,60,46,10,1,,,,,,,,,,,,,
752,0.25,JT Riddle*,4,0,1,1,0,0,,,,,,,,,,,,,
753,0.273,Austin Riley,615,38,168,89,39,2,,,,,,,,,,,,,
754,0.244,Edwin Rios*,86,7,21,13,1,0,,,,,,,,,,,,,
755,0.235,Alfonso Rivas*,251,3,59,49,5,2,,,,,,,,,,,,,
756,0.233,Emmanuel Rivera,330,12,77,46,16,3,,,,,,,,,,,,,
757,0.237,Emmanuel Rivera,198,6,47,30,8,3,,,,,,,,,,,,,
758,0.227,Emmanuel Rivera,132,6,30,16,8,0,,,,,,,,,,,,,
759,0.154,Sebastian Rivero,26,0,4,4,0,0,,,,,,,,,,,,,
760,0.224,Anthony Rizzo*,465,32,104,50,21,1,,,,,,,,,,,,,
761,0.284,Luis Robert,380,12,108,78,18,0,,,,,,,,,,,,,
762,0,David Robertson,1,0,0,0,0,0,,,,,,,,,,,,,
763,0,David Robertson,1,0,0,0,0,0,,,,,,,,,,,,,
764,0,Kramer Robertson,1,0,0,0,0,0,,,,,,,,,,,,,
765,0.136,Chuckie Robinson,59,2,8,4,2,0,,,,,,,,,,,,,
766,0.224,Victor Robles,366,6,82,64,10,2,,,,,,,,,,,,,
767,0.266,Brendan Rodgers,527,13,140,94,30,3,,,,,,,,,,,,,
768,0,Joely Rodríguez*,0,0,0,0,0,0,,,,,,,,,,,,,
769,0.284,Julio Rodríguez,511,28,145,89,25,3,,,,,,,,,,,,,
770,0,Taylor Rogers*,0,0,0,0,0,0,,,,,,,,,,,,,
771,0,Taylor Rogers*,0,0,0,0,0,0,,,,,,,,,,,,,
772,0.125,Jose Rojas*,56,0,7,5,2,0,,,,,,,,,,,,,
773,0.269,Josh Rojas*,443,9,119,84,25,1,,,,,,,,,,,,,
774,0.236,Miguel Rojas,471,6,111,84,19,2,,,,,,,,,,,,,
775,0,JoJo Romero*,0,0,0,0,0,0,,,,,,,,,,,,,
776,0,JoJo Romero*,0,0,0,0,0,0,,,,,,,,,,,,,
777,0.155,Austin Romine,129,3,20,14,3,0,,,,,,,,,,,,,
778,0.149,Austin Romine,121,3,18,12,3,0,,,,,,,,,,,,,
779,0.25,Austin Romine,8,0,2,2,0,0,,,,,,,,,,,,,
780,0.154,Austin Romine,26,0,4,3,1,0,,,,,,,,,,,,,
781,0.147,Austin Romine,95,3,14,9,2,0,,,,,,,,,,,,,
782,0.125,Brent Rooker,32,0,4,3,1,0,,,,,,,,,,,,,
783,0,Brent Rooker,7,0,0,0,0,0,,,,,,,,,,,,,
784,0.16,Brent Rooker,25,0,4,3,1,0,,,,,,,,,,,,,
785,0.283,Amed Rosario,637,11,180,134,26,9,,,,,,,,,,,,,
786,0.212,Eddie Rosario*,250,5,53,35,12,1,,,,,,,,,,,,,
787,0.2,Eguy Rosario,5,0,1,1,0,0,,,,,,,,,,,,,
788,0.204,Darin Ruf,334,11,68,45,12,0,,,,,,,,,,,,,
789,0.216,Darin Ruf,268,11,58,38,9,0,,,,,,,,,,,,,
790,0.152,Darin Ruf,66,0,10,7,3,0,,,,,,,,,,,,,
791,0.171,Esteury Ruiz,35,0,6,4,1,1,,,,,,,,,,,,,
792,0.222,Esteury Ruiz,27,0,6,4,1,1,,,,,,,,,,,,,
793,0,Esteury Ruiz,8,0,0,0,0,0,,,,,,,,,,,,,
794,0.251,Keibert Ruiz#,394,7,99,70,22,0,,,,,,,,,,,,,
795,0.254,Adley Rutschman#,398,13,101,52,35,1,,,,,,,,,,,,,
796,0.205,Gary Sanchez,419,16,86,46,24,0,,,,,,,,,,,,,
797,0.214,Jesús Sánchez*,313,13,67,37,14,3,,,,,,,,,,,,,
798,0.108,Yolmer Sanchez#,37,0,4,4,0,0,,,,,,,,,,,,,
799,0.108,Yolmer Sanchez#,37,0,4,4,0,0,,,,,,,,,,,,,
800,0,Yolmer Sanchez#,0,0,0,0,0,0,,,,,,,,,,,,,
801,0,Donny Sands,3,0,0,0,0,0,,,,,,,,,,,,,
802,0,Reiver Sanmartin*,2,0,0,0,0,0,,,,,,,,,,,,,
803,0.083,Miguel Sanó,60,1,5,4,0,0,,,,,,,,,,,,,
804,0.202,Carlos Santana#,431,19,87,50,18,0,,,,,,,,,,,,,
805,0.216,Carlos Santana#,176,4,38,24,10,0,,,,,,,,,,,,,
806,0.192,Carlos Santana#,255,15,49,26,8,0,,,,,,,,,,,,,
807,0.24,Anthony Santander#,574,33,138,81,24,0,,,,,,,,,,,,,
808,0,Clarke Schmidt,0,0,0,0,0,0,,,,,,,,,,,,,
809,0.202,Jonathan Schoop,481,11,97,62,23,1,,,,,,,,,,,,,
810,0.154,Max Schrock*,26,0,4,4,0,0,,,,,,,,,,,,,
811,0.218,Kyle Schwarber*,577,46,126,56,21,3,,,,,,,,,,,,,
812,0.229,Frank Schwindel,271,8,62,43,11,0,,,,,,,,,,,,,
813,0,Tanner Scott,0,0,0,0,0,0,,,,,,,,,,,,,
814,0.245,Corey Seager*,593,33,145,87,24,1,,,,,,,,,,,,,
815,0.277,Jean Segura,354,10,98,79,9,0,,,,,,,,,,,,,
816,0.248,Marcus Semien,657,26,163,101,31,5,,,,,,,,,,,,,
817,0.231,Nick Senzel,373,5,86,68,13,0,,,,,,,,,,,,,
818,0.203,Brian Serven,187,6,38,27,4,1,,,,,,,,,,,,,
819,0,Anderson Severino*,0,0,0,0,0,0,,,,,,,,,,,,,
820,0.222,Pedro Severino,18,0,4,2,2,0,,,,,,,,,,,,,
821,0,Paul Sewald,0,0,0,0,0,0,,,,,,,,,,,,,
822,0,Bryan Shaw#,0,0,0,0,0,0,,,,,,,,,,,,,
823,0,Travis Shaw*,19,0,0,0,0,0,,,,,,,,,,,,,
824,0.241,Gavin Sheets*,377,15,91,57,19,0,,,,,,,,,,,,,
825,0,Zack Short,9,0,0,0,0,0,,,,,,,,,,,,,
826,0,Chasen Shreve*,0,0,0,0,0,0,,,,,,,,,,,,,
827,0.167,Michael Siani*,24,0,4,4,0,0,,,,,,,,,,,,,
828,0.165,Magneuris Sierra*,91,0,15,11,1,3,,,,,,,,,,,,,
829,0.173,Andrelton Simmons,75,0,13,12,1,0,,,,,,,,,,,,,
830,0.213,Jose Siri,301,7,64,42,13,2,,,,,,,,,,,,,
831,0.178,Jose Siri,135,3,24,15,4,2,,,,,,,,,,,,,
832,0.241,Jose Siri,166,4,40,27,9,0,,,,,,,,,,,,,
833,0.264,Austin Slater,277,7,73,49,15,2,,,,,,,,,,,,,
834,0.194,Dominic Smith*,134,0,26,15,10,1,,,,,,,,,,,,,
835,0.197,Josh Smith*,213,2,42,35,5,0,,,,,,,,,,,,,
836,0.18,Kevin Smith,139,2,25,13,9,1,,,,,,,,,,,,,
837,0.22,Pavin Smith*,245,9,54,36,9,0,,,,,,,,,,,,,
838,0.26,Will Smith,508,24,132,79,26,3,,,,,,,,,,,,,
839,0.2,Canaan Smith-Njigba*,5,0,1,0,1,0,,,,,,,,,,,,,
840,0,Collin Snider,0,0,0,0,0,0,,,,,,,,,,,,,
841,0.207,Nick Solak,82,3,17,13,1,0,,,,,,,,,,,,,
842,0.284,Donovan Solano,278,4,79,59,16,0,,,,,,,,,,,,,
843,0.207,Jorge Soler,270,13,56,30,13,0,,,,,,,,,,,,,
844,0.227,Edmundo Sosa,176,2,40,23,11,4,,,,,,,,,,,,,
845,0.189,Edmundo Sosa,122,0,23,16,4,3,,,,,,,,,,,,,
846,0.315,Edmundo Sosa,54,2,17,7,7,1,,,,,,,,,,,,,
847,0.114,Lenyn Sosa,35,1,4,2,1,0,,,,,,,,,,,,,
848,0.242,Juan Soto*,524,27,127,73,25,2,,,,,,,,,,,,,
849,0.246,Juan Soto*,342,21,84,45,17,1,,,,,,,,,,,,,
850,0.236,Juan Soto*,182,6,43,28,8,1,,,,,,,,,,,,,
851,0.4,Livan Soto*,55,1,22,15,5,1,,,,,,,,,,,,,
852,0.158,Steven Souza Jr.,19,0,3,3,0,0,,,,,,,,,,,,,
853,0,Cory Spangenberg*,0,0,0,0,0,0,,,,,,,,,,,,,
854,0.267,George Springer,513,25,137,86,22,4,,,,,,,,,,,,,
855,0.223,Jacob Stallings,346,4,77,61,12,0,,,,,,,,,,,,,
856,0.211,Giancarlo Stanton,398,31,84,46,7,0,,,,,,,,,,,,,
857,0.18,Max Stassi,333,9,60,38,12,1,,,,,,,,,,,,,
858,0,Josh Staumont,0,0,0,0,0,0,,,,,,,,,,,,,
859,0,Drew Steckenrider,0,0,0,0,0,0,,,,,,,,,,,,,
860,0.211,Spencer Steer,95,2,20,13,5,0,,,,,,,,,,,,,
861,0.197,Michael Stefanic,61,0,12,10,2,0,,,,,,,,,,,,,
862,0,Jackson Stephens,0,0,0,0,0,0,,,,,,,,,,,,,
863,0.319,Tyler Stephenson,166,6,53,38,9,0,,,,,,,,,,,,,
864,0.167,Cal Stevenson*,60,0,10,7,3,0,,,,,,,,,,,,,
865,0,DJ Stewart*,3,0,0,0,0,0,,,,,,,,,,,,,
866,0.238,Trevor Story,357,16,85,47,22,0,,,,,,,,,,,,,
867,0.234,Bryson Stott*,427,10,100,69,19,2,,,,,,,,,,,,,
868,0.253,Kyle Stowers*,91,3,23,15,4,1,,,,,,,,,,,,,
869,0.305,Dee Strange-Gordon*,59,0,18,16,1,1,,,,,,,,,,,,,
870,0.221,Myles Straw,535,0,118,93,22,3,,,,,,,,,,,,,
871,0,Hunter Strickland,0,0,0,0,0,0,,,,,,,,,,,,,
872,0.264,Garrett Stubbs*,106,5,28,18,4,1,,,,,,,,,,,,,
873,0.236,Eugenio Suárez,543,31,128,71,24,2,,,,,,,,,,,,,
874,0,Cole Sulser,0,0,0,0,0,0,,,,,,,,,,,,,
875,0.202,Jack Suwinski*,326,19,66,36,11,0,,,,,,,,,,,,,
876,0.18,Kurt Suzuki,139,4,25,17,4,0,,,,,,,,,,,,,
877,0.262,Seiya Suzuki,397,14,104,66,22,2,,,,,,,,,,,,,
878,0.111,Travis Swaggerty*,9,0,1,1,0,0,,,,,,,,,,,,,
879,0.277,Dansby Swanson,640,25,177,119,32,1,,,,,,,,,,,,,
880,0.265,Raimel Tapia*,411,7,109,79,20,3,,,,,,,,,,,,,
881,0,Dillon Tate,0,0,0,0,0,0,,,,,,,,,,,,,
882,0.261,Leody Taveras#,314,5,82,61,14,2,,,,,,,,,,,,,
883,0.221,Chris Taylor,402,10,89,51,25,3,,,,,,,,,,,,,
884,0.254,Michael A. Taylor,414,9,105,83,10,3,,,,,,,,,,,,,
885,0.233,Tyrone Taylor,373,17,87,46,21,3,,,,,,,,,,,,,
886,0.219,Rowdy Tellez*,529,35,116,58,23,0,,,,,,,,,,,,,
887,0.217,Matt Thaiss*,69,2,15,12,1,0,,,,,,,,,,,,,
888,0,Caleb Thielbar,0,0,0,0,0,0,,,,,,,,,,,,,
889,0.231,Alek Thomas*,381,8,88,62,17,1,,,,,,,,,,,,,
890,0.267,Cody Thomas*,30,0,8,8,0,0,,,,,,,,,,,,,
891,0.091,Dillon Thomas*,11,0,1,1,0,0,,,,,,,,,,,,,
892,0.241,Lane Thomas,498,17,120,75,26,2,,,,,,,,,,,,,
893,0.265,Bubba Thompson,170,1,45,39,5,0,,,,,,,,,,,,,
894,0.256,Trayce Thompson,219,13,56,28,14,1,,,,,,,,,,,,,
895,0.071,Trayce Thompson,14,0,1,1,0,0,,,,,,,,,,,,,
896,0.268,Trayce Thompson,205,13,55,27,14,1,,,,,,,,,,,,,
897,0.216,Michael Toglia#,111,2,24,12,8,2,,,,,,,,,,,,,
898,0,Ka'ai Tom*,1,0,0,0,0,0,,,,,,,,,,,,,
899,0.203,Spencer Torkelson,360,8,73,48,16,1,,,,,,,,,,,,,
900,0.185,Abraham Toro#,324,10,60,36,13,1,,,,,,,,,,,,,
901,0.225,Luis Torrens,151,3,34,29,2,0,,,,,,,,,,,,,
902,0.257,Gleyber Torres,526,24,135,82,28,1,,,,,,,,,,,,,
903,0.212,Ezequiel Tovar,33,1,7,5,1,0,,,,,,,,,,,,,
904,0.196,Taylor Trammell*,102,4,20,7,9,0,,,,,,,,,,,,,
905,0.271,Alan Trejo,118,4,32,22,6,0,,,,,,,,,,,,,
906,0.248,Jose Trevino,335,11,83,59,12,1,,,,,,,,,,,,,
907,0.75,Chadwick Tromp,4,0,3,1,2,0,,,,,,,,,,,,,
908,0.283,Mike Trout,438,40,124,54,28,2,,,,,,,,,,,,,
909,0.171,Yoshi Tsutsugo*,170,2,29,23,4,0,,,,,,,,,,,,,
910,0.175,Cole Tucker#,63,0,11,9,1,1,,,,,,,,,,,,,
911,0.257,Kyle Tucker*,544,30,140,81,28,1,,,,,,,,,,,,,
912,0.278,Justin Turner,468,13,130,81,36,0,,,,,,,,,,,,,
913,0.298,Trea Turner,652,21,194,130,39,4,,,,,,,,,,,,,
914,0.125,Justin Upton,48,1,6,4,1,0,,,,,,,,,,,,,
915,0.239,Luis Urías,406,16,97,63,17,1,,,,,,,,,,,,,
916,0.248,Ramón Urías,403,16,100,66,17,1,,,,,,,,,,,,,
917,0.285,Gio Urshela,501,13,143,100,27,3,,,,,,,,,,,,,
918,0.187,Josh VanMeter*,171,3,32,22,5,2,,,,,,,,,,,,,
919,0.263,Ildemaro Vargas#,209,4,55,37,13,1,,,,,,,,,,,,,
920,0.13,Ildemaro Vargas#,23,1,3,1,0,1,,,,,,,,,,,,,
921,0.28,Ildemaro Vargas#,186,3,52,36,13,0,,,,,,,,,,,,,
922,0.17,Miguel Vargas,47,1,8,6,1,0,,,,,,,,,,,,,
923,0.235,Daulton Varsho*,531,27,125,72,23,3,,,,,,,,,,,,,
924,0.271,Andrew Vaughn,510,17,138,92,28,1,,,,,,,,,,,,,
925,0.258,Terrin Vavra*,89,1,23,19,2,1,,,,,,,,,,,,,
926,0.274,Christian Vázquez,398,9,109,77,23,0,,,,,,,,,,,,,
927,0.282,Christian Vázquez,294,8,83,55,20,0,,,,,,,,,,,,,
928,0.25,Christian Vázquez,104,1,26,22,3,0,,,,,,,,,,,,,
929,0.196,Andrew Velazquez#,322,9,63,46,8,0,,,,,,,,,,,,,
930,0.205,Nelson Velázquez,185,6,38,22,7,3,,,,,,,,,,,,,
931,0.28,Alex Verdugo*,593,11,166,115,39,1,,,,,,,,,,,,,
932,0.167,Mark Vientos,36,1,6,4,1,0,,,,,,,,,,,,,
933,0.246,Matt Vierling,325,6,80,60,12,2,,,,,,,,,,,,,
934,0.231,David Villar,156,9,36,20,6,1,,,,,,,,,,,,,
935,0.208,Jonathan Villar#,202,3,42,31,6,2,,,,,,,,,,,,,
936,0.222,Jonathan Villar#,153,2,34,24,6,2,,,,,,,,,,,,,
937,0.163,Jonathan Villar#,49,1,8,7,0,0,,,,,,,,,,,,,
938,0.159,Meibrys Viloria*,63,2,10,7,1,0,,,,,,,,,,,,,
939,0.238,Daniel Vogelbach*,386,18,92,54,19,1,,,,,,,,,,,,,
940,0.228,Daniel Vogelbach*,237,12,54,31,10,1,,,,,,,,,,,,,
941,0.255,Daniel Vogelbach*,149,6,38,23,9,0,,,,,,,,,,,,,
942,0.161,Stephen Vogt*,168,7,27,15,4,1,,,,,,,,,,,,,
943,0.226,Luke Voit,500,22,113,69,22,0,,,,,,,,,,,,,
944,0.225,Luke Voit,298,13,67,36,18,0,,,,,,,,,,,,,
945,0.228,Luke Voit,202,9,46,33,4,0,,,,,,,,,,,,,
946,0.265,Jason Vosler*,98,4,26,15,6,1,,,,,,,,,,,,,
947,0.205,Joey Votto*,322,11,66,36,18,1,,,,,,,,,,,,,
948,0.207,LaMonte Wade Jr.*,217,8,45,29,7,1,,,,,,,,,,,,,
949,0.218,Tyler Wade*,147,1,32,26,5,0,,,,,,,,,,,,,
950,0.242,Christian Walker,583,36,141,78,25,2,,,,,,,,,,,,,
951,0.071,Steele Walker*,14,1,1,0,0,0,,,,,,,,,,,,,
952,0.143,Chad Wallach,35,1,5,3,1,0,,,,,,,,,,,,,
953,0.228,Matt Wallner*,57,2,13,8,3,0,,,,,,,,,,,,,
954,0.172,Taylor Walls#,407,8,70,42,18,2,,,,,,,,,,,,,
955,0.215,Jared Walsh*,423,15,91,56,18,2,,,,,,,,,,,,,
956,0.158,Donovan Walton*,76,1,12,3,8,0,,,,,,,,,,,,,
957,0,Donovan Walton*,0,0,0,0,0,0,,,,,,,,,,,,,
958,0.158,Donovan Walton*,76,1,12,3,8,0,,,,,,,,,,,,,
959,0.281,Taylor Ward,495,23,139,92,22,2,,,,,,,,,,,,,
960,0.24,Drew Waters#,96,5,23,11,6,1,,,,,,,,,,,,,
961,0,Luke Weaver,0,0,0,0,0,0,,,,,,,,,,,,,
962,0,Luke Weaver,0,0,0,0,0,0,,,,,,,,,,,,,
963,0,J.B. Wendelken,0,0,0,0,0,0,,,,,,,,,,,,,
964,0.259,Joey Wendle*,347,3,90,62,24,1,,,,,,,,,,,,,
965,0.2,Eli White,105,3,21,16,2,0,,,,,,,,,,,,,
966,0,Aaron Whitefield,11,0,0,0,0,0,,,,,,,,,,,,,
967,0.236,Luke Williams,127,1,30,23,5,1,,,,,,,,,,,,,
968,0.25,Luke Williams,12,0,3,2,1,0,,,,,,,,,,,,,
969,0.235,Luke Williams,115,1,27,21,4,1,,,,,,,,,,,,,
970,0,Trevor Williams,0,0,0,0,0,0,,,,,,,,,,,,,
971,0.2,Marcus Wilson,5,0,1,1,0,0,,,,,,,,,,,,,
972,0.219,Jesse Winker*,456,14,100,71,15,0,,,,,,,,,,,,,
973,0.207,Patrick Wisdom,469,25,97,44,28,0,,,,,,,,,,,,,
974,0.254,Bobby Witt,591,20,150,93,31,6,,,,,,,,,,,,,
975,0,Tony Wolters*,4,0,0,0,0,0,,,,,,,,,,,,,
976,0.188,Connor Wong,48,1,9,5,3,0,,,,,,,,,,,,,
977,0.251,Kolten Wong*,430,15,108,65,24,4,,,,,,,,,,,,,
978,0.259,Austin Wynns,162,3,42,32,7,0,,,,,,,,,,,,,
979,0.214,Mike Yastrzemski*,485,17,104,54,31,2,,,,,,,,,,,,,
980,0.252,Christian Yelich*,575,14,145,102,25,4,,,,,,,,,,,,,
981,0.253,Juan Yepez,253,12,64,39,13,0,,,,,,,,,,,,,
982,0.263,Jared Young*,19,0,5,3,2,0,,,,,,,,,,,,,
983,0.27,Seby Zavala,178,2,48,32,14,0,,,,,,,,,,,,,
984,0.124,Bradley Zimmer*,105,2,13,6,5,0,,,,,,,,,,,,,
985,0.101,Bradley Zimmer*,89,2,9,3,4,0,,,,,,,,,,,,,
986,0.25,Bradley Zimmer*,16,0,4,3,1,0,,,,,,,,,,,,,
987,0.148,Mike Zunino,115,5,17,9,3,0,,,,,,,,,,,,,
